"poi_id","valine_kood","kat_id","x","y"
1232803,"JKK0900156",2208,664254,6475926
1233033,"JKK0900165",2208,538055,6591283
1232825,"JKK0900178",2208,483705,6535109
1232772,"JKK0900193",2208,529392,6566939
1233215,"JKK0900196",3102,533524,6584040
1233212,"JKK0900224",3102,539565,6547157
1233170,"JKK0900226",2208,536666,6575852
1233058,"JKK0900253",2208,682291,6411294
1232790,"JKK0900258",2208,554064,6591161
1232840,"JKK0900268",2208,626526,6602155
1233116,"JKK0900270",2208,549887,6581028
1233157,"JKK0900274",2207,551483,6587962
1233206,"JKK3700001",3102,540964,6584353
1232680,"JKK3700003",2208,504389,6578005
1232942,"JKK3700004",2208,548703,6587045
1232710,"JKK3700005",2208,552349,6585348
1191761,"JKK3700006",2208,540024,6591504
1191681,"JKK3700009",3102,550234,6588050
1232704,"JKK3700012",2208,550325,6588695
1232959,"JKK3700013",2208,504691,6577680
1233140,"JKK3700014",2208,554264,6594835
1233011,"JKK3700015",2208,556535,6591810
1232939,"JKK3700018",2208,550146,6589538
1232920,"JKK3700020",2208,540310,6590976
1191566,"JKK3700025",3102,525260,6582626
1232904,"JKK3700027",2208,549576,6586830
1191750,"JKK3700030",2208,546889,6587207
1191559,"JKK3700037",2208,552321,6585465
1232912,"JKK3700046",2208,546249,6587434
1232875,"JKK3700050",2208,551132,6577164
1232914,"JKK3700053",2208,549877,6587985
1191878,"JKK3700054",2208,548587,6587534
1191573,"JKK3700055",2208,504965,6577524
1191853,"JKK3700064",2208,526868,6576688
1232673,"JKK3700065",2208,546160,6587323
1232913,"JKK3700082",2208,548950,6586869
1185051,"JKK3700083",2207,558050,6560550
1233030,"JKK3700085",2208,548785,6586964
1233132,"JKK3700087",2208,513815,6548833
1232922,"JKK3700089",2208,539796,6592248
1233211,"JKK3700090",3102,532590,6575773
1232921,"JKK3700094",2208,540424,6591131
1232986,"JKK3700095",2208,552886,6580396
1191817,"JKK3700096",2208,549469,6588214
347211,"JKK3700097",2207,539026,6591530
1185048,"JKK3700099",2207,560998,6593482
1191743,"JKK3700100",2208,553974,6590940
1232675,"JKK3700103",2208,549670,6587791
1219140,"JKK3700106",3102,523349,6575252
1233028,"JKK3700107",2208,527236,6554382
1191728,"JKK3700109",3102,548277,6587621
1233038,"JKK3700110",2208,556097,6591844
1219109,"JKK3700113",2208,553944,6591072
1191553,"JKK3700115",2208,579613,6591119
1191805,"JKK3700121",3102,528120,6580606
1232674,"JKK3700125",2208,546426,6586904
1233105,"JKK3700136",2208,523330,6583779
1240200,"JKK3700137",2606,576094,6578882
1232851,"JKK3700138",2208,576084,6579427
1233069,"JKK3700140",2208,521288,6577493
1233147,"JKK3700145",2208,563216,6563219
1218988,"JKK3700146",2208,566454,6562054
1219066,"JKK3700159",2208,553236,6590812
1191726,"JKK3700165",2208,504147,6578465
1232709,"JKK3700173",2208,552804,6585322
1191655,"JKK3700176",2208,554447,6585145
1232956,"JKK3700185",2208,540156,6576205
1232773,"JKK3700188",2208,529352,6566955
1191635,"JKK3700192",2208,547139,6590267
1218964,"JKK3700197",2208,550227,6588125
1191754,"JKK3700198",2208,548800,6587840
1232973,"JKK3700199",2208,549977,6587107
1191706,"JKK3700203",2208,539101,6586550
1191740,"JKK3700204",2208,537879,6586521
1191886,"JKK3700205",2208,537308,6591974
1191581,"JKK3700206",2208,540810,6590030
1232753,"JKK3700208",2208,540570,6581137
1232754,"JKK3700209",2208,540606,6581508
1191700,"JKK3700211",2208,539198,6587481
1191564,"JKK3700220",2208,547134,6587882
1232940,"JKK3700221",2208,548517,6588781
1232915,"JKK3700223",2208,551120,6593441
1232944,"JKK3700225",2208,540566,6584222
1232941,"JKK3700231",2208,548696,6587045
1218924,"JKK3700232",2208,548713,6587043
1191499,"JKK3700236",2208,548759,6586882
1191528,"JKK3700244",2208,539294,6584517
1232907,"JKK3700246",2208,542305,6587746
1183965,"JKK3700248",2606,551301,6589219
1232909,"JKK3700249",2208,540735,6584821
1232935,"JKK3700254",2208,545904,6587145
1232938,"JKK3700256",2208,547497,6587570
1191737,"JKK3700257",2208,547493,6587581
1219061,"JKK3700258",2208,547500,6587573
1232919,"JKK3700259",2208,540851,6590219
1232934,"JKK3700264",2208,546427,6586899
1233217,"JKK3700265",3102,535580,6578983
1191818,"JKK3700266",3102,536169,6583054
1232727,"JKK3700267",2208,556602,6591825
1233094,"JKK3700273",2208,532311,6584609
1191508,"JKK3700274",2208,539515,6591234
1232908,"JKK3700276",2208,539013,6586905
1232916,"JKK3700277",2208,546847,6591906
1232945,"JKK3700278",2208,540478,6584163
1233136,"JKK3700279",2208,534075,6588855
1232905,"JKK3700280",2208,542158,6586755
1232906,"JKK3700281",2208,544269,6588506
1232936,"JKK3700282",2208,546652,6589009
1232937,"JKK3700283",2208,549621,6589849
1232676,"JKK3700284",2208,538484,6584607
1232946,"JKK3700285",2208,536763,6581173
1232910,"JKK3700286",2208,540255,6585115
1232950,"JKK3700287",2208,536695,6587056
1232749,"JKK3700288",2208,549914,6588006
1191777,"JKK3700290",2208,556536,6591812
1191874,"JKK3700295",2208,539755,6590991
1232751,"JKK3700296",2208,549515,6587935
1232911,"JKK3700297",2208,539212,6586850
1218963,"JKK3700304",2208,540016,6591620
1232778,"JKK3700306",2208,524685,6575272
1191586,"JKK3700310",2208,549097,6587043
1233010,"JKK3700311",2208,556131,6591843
1218900,"JKK3700315",2208,547445,6587670
1191755,"JKK3700317",3102,511894,6566479
1219125,"JKK3700322",2208,556140,6591833
1232720,"JKK3700323",2208,550438,6589177
1232943,"JKK3700328",2208,541418,6581403
1191866,"JKK3700335",2208,550769,6587847
1191769,"JKK3700336",2208,548760,6587810
1218997,"JKK3700340",2208,566352,6561215
1191628,"JKK3700341",2208,549637,6588017
1219080,"JKK3700342",2208,521852,6573277
1232742,"JKK3700349",2208,522676,6573755
1191578,"JKK3700353",3102,555596,6592324
1233146,"JKK3700369",2208,560889,6593225
1218949,"JKK3700372",2208,555744,6592246
1219098,"JKK3700374",2208,539553,6591240
1191541,"JKK3700382",2208,548010,6586999
1191556,"JKK3700390",2208,546366,6587332
1218979,"JKK3700394",2208,546411,6578103
1218959,"JKK3700400",2208,540392,6591112
1191733,"JKK3700405",2208,556107,6591845
1191822,"JKK3700409",2208,549880,6587976
1219105,"JKK3700411",3102,522858,6583311
1218969,"JKK3700419",2208,553359,6592312
1219086,"JKK3700434",2208,547766,6587114
1233046,"JKK3700439",2208,540302,6590974
1218991,"JKK3700449",2208,536953,6591841
1219179,"JKK3700450",2208,537499,6591689
1232724,"JKK3700453",2208,548797,6587941
1219159,"JKK3700458",2208,556363,6572708
1218917,"JKK3700466",2208,504412,6578056
1218904,"JKK3700467",2208,539507,6591229
1219134,"JKK3700469",2208,549618,6588160
1218966,"JKK3700471",2208,531095,6602459
1232917,"JKK3700474",2208,540853,6590141
1219184,"JKK3700475",2208,522738,6573251
1218897,"JKK3700485",2208,537980,6579214
1218888,"JKK3700489",2208,537310,6592160
1233169,"JKK3700490",2208,551022,6584728
1219139,"JKK3700496",2606,552304,6580295
1219153,"JKK3700498",2208,537454,6592007
1218893,"JKK3700502",2208,556160,6591820
1219148,"JKK3700503",2208,552125,6585124
1219056,"JKK3700504",2208,530582,6587803
1233198,"JKK3700506",3102,541961,6573037
1240185,"JKK3700509",2606,552517,6590825
1233118,"JKK3700510",2208,534223,6585435
1233201,"JKK3700511",3102,553547,6591490
1233081,"JKK3700513",2208,537292,6582825
1232898,"JKK3700518",2208,534160,6579296
1232740,"JKK3700519",2208,540122,6591086
1232736,"JKK3700520",2208,548852,6587616
1232776,"JKK3700522",2208,540337,6575900
1233031,"JKK3700524",2208,547837,6586990
1232820,"JKK3700526",2208,554821,6591118
1233023,"JKK3700529",2208,548904,6586919
1232896,"JKK3700530",2208,577732,6551952
1232893,"JKK3700531",2208,566923,6552578
1233188,"JKK3700533",2208,561434,6580730
1232779,"JKK3700534",2208,523049,6573833
1233127,"JKK3700536",2208,546288,6596909
1232798,"JKK3700537",2208,534279,6575014
1232775,"JKK3700538",2208,567035,6558475
1232972,"JKK3700539",2208,549574,6586830
1233119,"JKK3700546",2208,533810,6585242
1240199,"JKK3700548",2606,554616,6588654
1232768,"JKK3700548",2208,554616,6588601
1233160,"JKK3700549",2208,540280,6591321
1233129,"JKK3700552",2208,552139,6585547
1233199,"JKK3700554",3102,547860,6586944
1233159,"JKK3700555",2208,539075,6591359
1232796,"JKK3700559",2208,556788,6591025
1233057,"JKK3700562",2208,548343,6587555
1232721,"JKK3700564",2208,551037,6589166
1233191,"JKK3700565",3102,518383,6572259
1232880,"JKK3700567",2208,592197,6574650
1240191,"JKK3700567",2606,592197,6574650
1232814,"JKK3700571",2208,551100,6580412
1233090,"JKK3700572",2208,547300,6582873
1233074,"JKK3700573",2208,555894,6572601
1232822,"JKK3700574",2208,555199,6594468
1232821,"JKK3700576",2208,555155,6594517
1233196,"JKK3700577",2208,552493,6585276
1233036,"JKK3700579",2208,537501,6591688
1233202,"JKK3700580",3102,552933,6591510
1233070,"JKK3700581",2208,522140,6577648
1240192,"JKK3700582",2606,567332,6559494
1233122,"JKK3700582",2208,567323,6559507
1232865,"JKK3700584",2208,513098,6575327
1233035,"JKK3700585",2208,503656,6578168
1232869,"JKK3700587",2208,553949,6595605
1233056,"JKK3700588",2208,547439,6587666
1232977,"JKK3700589",2208,542332,6586654
1233156,"JKK3700590",2208,548855,6587605
1233174,"JKK3700591",2208,538052,6591224
1232874,"JKK3700592",2208,551315,6577121
1233214,"JKK3700593",3102,529506,6567095
1232868,"JKK3700594",2208,553276,6595478
1232895,"JKK3700598",2208,533411,6583944
1232771,"JKK3700600",2208,559308,6589478
1233042,"JKK3700601",2208,548913,6588207
1232808,"JKK3700602",2208,554243,6590968
1233158,"JKK3700603",2208,546976,6588313
1232780,"JKK3700604",2208,522950,6573429
1232994,"JKK3700605",2207,577501,6578868
1232878,"JKK3700621",2208,556805,6583611
1233138,"JKK3700685",2208,542338,6586532
1232979,"JKK3700699",2208,540898,6584488
1233101,"JKK3700702",2208,548132,6599295
1232767,"JKK3700711",2208,511691,6565674
1240174,"JKK3700730",2606,534542,6575640
1240195,"JKK3700735",2606,549833,6581669
1233047,"JKK3700740",2208,541080,6582780
1227023,"JKK3700741",2208,536629,6580498
1218937,"JKK3700742",2208,551214,6593406
1227022,"JKK3700743",2208,540477,6584159
1232777,"JKK3700747",2208,524678,6575216
1219956,"JKK3700748",2208,575630,6578823
1232809,"JKK3700751",2208,555192,6592104
1233093,"JKK3700762",2208,532486,6584559
1232811,"JKK3700763",2208,552154,6591407
1233083,"JKK3700768",2208,539904,6591871
1233060,"JKK3700769",2208,538042,6591117
1233009,"JKK3700770",2208,540150,6576998
1240184,"JKK3700782",2606,551361,6587608
1232810,"JKK3700799",2208,553195,6592413
1232738,"JKK3700811",2208,506224,6578123
1232789,"JKK3700815",2208,596775,6606678
1232795,"JKK3700835",2208,554274,6590941
1232703,"JKK3700842",2208,548584,6587334
1232793,"JKK3700843",2208,557110,6591239
1233032,"JKK3700845",2208,537944,6586444
1233059,"JKK3700846",2208,540084,6591032
1233055,"JKK3700847",2208,530541,6585277
1232702,"JKK3700853",2208,548620,6588230
1233166,"JKK3700854",2208,532373,6576131
1233002,"JKK3700858",2208,537817,6573042
1232867,"JKK3700859",2208,553577,6595548
1232701,"JKK3700860",2208,547778,6588803
1232792,"JKK3700862",2208,556761,6592756
1233204,"JKK3700865",3102,551641,6578370
1232976,"JKK3700867",2208,542604,6589521
1232975,"JKK3700868",2208,541641,6588525
1232700,"JKK3700869",2208,549106,6586923
1227024,"JKK3700871",2208,542751,6604138
1232719,"JKK3700874",2208,549659,6587724
1233114,"JKK3700875",2208,559715,6568259
1232791,"JKK3700877",2208,557295,6591128
1233128,"JKK3700878",2208,552259,6585211
1232854,"JKK3700885",2208,578229,6591382
1232705,"JKK3700898",2208,548744,6587590
1232899,"JKK3700901",2208,566493,6561745
1183782,"JKK3700903",2606,503728,6579424
1232745,"JKK3700905",2208,545661,6600811
1232853,"JKK3700906",2208,539105,6566990
1232752,"JKK3700908",2208,515582,6566419
1232843,"JKK3700912",2208,518106,6579003
1232718,"JKK3700913",2208,546999,6587389
1233193,"JKK3700914",2208,548714,6582416
1232794,"JKK3700915",2208,555764,6592195
1233113,"JKK3700918",2208,533245,6583609
1233126,"JKK3700921",2208,546491,6597004
1233006,"JKK3700925",2208,536679,6587518
1232978,"JKK3700927",2208,538746,6587411
1232716,"JKK3700928",2208,545928,6588527
1232971,"JKK3700948",2207,550123,6587333
1232715,"JKK3700950",2208,546905,6590344
1233089,"JKK3700955",2208,518693,6551421
1232816,"JKK3700964",2208,518065,6561931
1232770,"JKK3700965",2208,559153,6588783
1191786,"JKK3900001",2208,429207,6521759
1232923,"JKK3900003",2208,426827,6539921
1233189,"JKK3900004",2208,428073,6522216
1191685,"JKK3900006",2208,426805,6539725
1185087,"JKK3900009",2207,425864,6526874
1233131,"JKK3900011",2208,426307,6540112
1191583,"JKK3900013",2606,432862,6536615
1219084,"JKK3900014",2208,428858,6541162
1218903,"JKK3900017",2208,428278,6539753
1191836,"JKK3900018",2208,425127,6516744
1232925,"JKK3900019",2208,427402,6541056
1232924,"JKK3900021",2208,428609,6541152
1218941,"JKK3900022",2208,445043,6525538
1219149,"JKK3900023",2208,414313,6506898
1219085,"JKK3900026",2208,429223,6525905
1191741,"JKK3900029",2208,429193,6525943
1191854,"JKK3900030",2208,428082,6541329
1191701,"JKK3900036",2208,431278,6539208
1191783,"JKK3900038",2208,439549,6526136
1219145,"JKK3900041",2208,412089,6539173
1219068,"JKK3900042",2208,429218,6525942
1218938,"JKK3900048",2208,412127,6539841
1232897,"JKK3900051",2208,428034,6522423
1232859,"JKK3900052",2208,433989,6534975
1233117,"JKK3900053",2208,425196,6548688
1233115,"JKK3900060",2208,428089,6522204
1233124,"JKK3900061",2208,418056,6508621
1232858,"JKK3900081",2207,433495,6534732
1233000,"JKK3900088",2208,428709,6540611
1240198,"JKK3900088",2606,428709,6540611
1191708,"JKK4400001",2208,737621,6587593
1191663,"JKK4400012",2208,712287,6590783
1233025,"JKK4400015",2207,674659,6582205
1182782,"JKK4400016",2207,691788,6577949
1191811,"JKK4400026",3102,689918,6554777
1232963,"JKK4400029",2208,684098,6589474
1185097,"JKK4400033",2207,697478,6581298
1233015,"JKK4400034",2208,738349,6587739
1191509,"JKK4400036",2208,737138,6588372
1233029,"JKK4400038",2208,695237,6584872
1182783,"JKK4400039",2207,733500,6585301
1182788,"JKK4400040",2207,733837,6586058
1182785,"JKK4400041",2207,724062,6578964
1191763,"JKK4400043",2208,735526,6589222
1218909,"JKK4400044",2208,736933,6591657
1191903,"JKK4400048",2208,682719,6587028
1233137,"JKK4400055",2208,684755,6586046
1233008,"JKK4400057",2208,673004,6583445
1191543,"JKK4400057",2606,673144,6583503
1233027,"JKK4400058",2208,692172,6587148
1219138,"JKK4400065",2208,733736,6587051
1219185,"JKK4400069",2208,699959,6591798
1191871,"JKK4400072",2208,662393,6594335
1185057,"JKK4400074",2207,683207,6588875
1185035,"JKK4400078",2207,711445,6592115
1219126,"JKK4400087",2208,692861,6584270
1185098,"JKK4400089",2207,666516,6583927
1191714,"JKK4400094",3102,685697,6588540
1232965,"JKK4400095",2208,684647,6588220
1182786,"JKK4400097",2207,683129,6588103
1232678,"JKK4400101",2208,697875,6579846
1191891,"JKK4400104",2208,684546,6588997
1232964,"JKK4400105",2208,684454,6590179
1233012,"JKK4400108",2208,737637,6587407
1218985,"JKK4400114",3102,735851,6587644
1240197,"JKK4400115",2606,736592,6589107
1232731,"JKK4400118",2208,712730,6590477
1233026,"JKK4400119",2208,722355,6577376
1232713,"JKK4400120",2208,715069,6576134
1232805,"JKK4400124",2208,714288,6580530
1219000,"JKK4400129",2208,686920,6586918
1219033,"JKK4400132",2208,703821,6591431
1219078,"JKK4400134",2208,696409,6580317
1232951,"JKK4400135",2208,684921,6588985
1218972,"JKK4400141",2208,680262,6577105
1218943,"JKK4400143",2208,663099,6594535
1191790,"JKK4400145",3102,683916,6581810
1232848,"JKK4400148",2208,736317,6589154
1191552,"JKK4400150",2208,686299,6580848
1232693,"JKK4400156",2207,661857,6585016
1232732,"JKK4400158",2208,712371,6590703
1191719,"JKK4400159",3102,692403,6584935
1232836,"JKK4400160",2208,734094,6586736
1240186,"JKK4400160",2606,734094,6586736
1219161,"JKK4400161",2208,737616,6587591
1232863,"JKK4400163",2208,712084,6591249
1219095,"JKK4400165",3102,713039,6588570
1232900,"JKK4400167",2208,722156,6576684
1240205,"JKK4400167",2606,722319,6576732
1191632,"JKK4400168",2208,684650,6585845
1191774,"JKK4400171",2208,667219,6583169
1182787,"JKK4400175",2207,667395,6583435
1232999,"JKK4400176",2208,693806,6581743
1219040,"JKK4400177",2208,686353,6580758
1232930,"JKK4400178",2208,661429,6532914
1218989,"JKK4400180",2208,692308,6581962
1185033,"JKK4400188",2207,730974,6584906
1219175,"JKK4400192",2207,692672,6585170
1182789,"JKK4400194",2208,722475,6577727
1219123,"JKK4400195",2208,667872,6583402
1218899,"JKK4400198",3102,672732,6583791
1219076,"JKK4400200",2208,700294,6575857
1232847,"JKK4400204",2208,734074,6588390
1232819,"JKK4400205",2208,734704,6591491
1232846,"JKK4400206",3102,737140,6588371
1232725,"JKK4400207",2208,667162,6584352
1232714,"JKK4400209",2208,692310,6581957
1233065,"JKK4400214",2208,703130,6591655
1232783,"JKK4400218",2208,693192,6584981
1232695,"JKK4400219",2208,697885,6580332
1232797,"JKK4400222",2208,693853,6584004
1232952,"JKK4400225",2208,685359,6589996
1232683,"JKK4400226",2208,684544,6586085
1232837,"JKK4400227",2208,736550,6587444
1232974,"JKK4400229",2208,684763,6585889
1232685,"JKK4400230",2208,684908,6586563
1233003,"JKK4400232",2208,697487,6579933
1233004,"JKK4400233",2208,695435,6581341
1233005,"JKK4400234",2208,697245,6579875
1233107,"JKK4400235",2208,712859,6590791
1232962,"JKK4400236",2208,684757,6588122
1233171,"JKK4400237",2208,672725,6583465
1232985,"JKK4400256",2208,687459,6590638
1232832,"JKK4400257",2208,737995,6590448
1185050,"JKK4400263",2207,692598,6589994
1232833,"JKK4400268",2208,735582,6589188
1232862,"JKK4400269",2208,711439,6592119
1191964,"JKK4400273",2607,692189,6587108
1232769,"JKK4400276",2208,675751,6584842
1232723,"JKK4400287",3102,668745,6584126
1232812,"JKK4400292",2208,687461,6590639
1233064,"JKK4400293",2208,703369,6590642
1233112,"JKK4400294",2208,681002,6583965
1232734,"JKK4400295",2208,698973,6592272
1232831,"JKK4400296",2208,736655,6587322
1232817,"JKK4400300",2208,694693,6567952
1232828,"JKK4400301",2207,691663,6577866
1232804,"JKK4400303",2208,712418,6572585
1185071,"JKK4400304",2207,693345,6567788
1218922,"JKK4400305",2208,735516,6589248
1191660,"JKK4400306",2208,693162,6584286
1232861,"JKK4400307",2208,712628,6591398
1232823,"JKK4400308",2208,687479,6591430
1232873,"JKK4400310",2208,688014,6568947
1233091,"JKK4400313",2207,718944,6586363
1232765,"JKK4400317",2207,699309,6568221
1232694,"JKK4400318",2208,695276,6580391
1233123,"JKK4400320",2208,694651,6586210
1232835,"JKK4400321",2208,736120,6588334
1233007,"JKK4400322",2208,682708,6587981
1232834,"JKK4400326",2208,735825,6589220
1185076,"JKK4900001",2207,665828,6527337
1232928,"JKK4900003",2208,639315,6513138
1191809,"JKK4900005",2208,615773,6504829
1232888,"JKK4900008",2208,633902,6512865
1212329,"JKK4900009",2607,618905,6511350
1191594,"JKK4900015",3102,635328,6512586
1232929,"JKK4900018",2208,639524,6513993
1233143,"JKK4900019",2208,615551,6504939
1233141,"JKK4900020",2208,672827,6519083
1191984,"JKK4900022",2607,609302,6501415
1212349,"JKK4900025",2607,613142,6501902
1232927,"JKK4900027",2208,636850,6513721
1212336,"JKK4900028",2607,632233,6521247
1232958,"JKK4900029",2208,668206,6526953
1191943,"JKK4900030",2607,650456,6509175
1191952,"JKK4900032",2607,632521,6505502
1232960,"JKK4900033",2208,614107,6503121
1191926,"JKK4900040",2607,658124,6523794
1232982,"JKK4900041",2208,638565,6513349
1232741,"JKK4900043",2208,614460,6502961
1233130,"JKK4900048",2208,664068,6528458
1233162,"JKK4900053",2208,614009,6504384
1233183,"JKK4900058",2208,633361,6494650
1232981,"JKK4900062",2208,639315,6513133
1233019,"JKK4900066",2208,646589,6513784
1233063,"JKK4900073",2208,614013,6504384
1212422,"JKK4900074",2607,610205,6512123
1232688,"JKK4900079",2207,615610,6517101
1232879,"JKK4900082",2208,612418,6502026
1233040,"JKK4900094",2208,627013,6504928
1232980,"JKK4900095",2208,638499,6513386
1232856,"JKK4900096",2208,649871,6508420
1232750,"JKK4900097",2208,632252,6521641
1232957,"JKK4900098",2208,635582,6512167
1232687,"JKK4900099",2208,647269,6513375
1232902,"JKK4900100",2208,644416,6518499
1232782,"JKK4900101",2208,638745,6516126
1233168,"JKK4900103",2207,626227,6496977
1212376,"JKK4900107",2607,650469,6526074
1191548,"JKK5100002",2208,581096,6519778
1232984,"JKK5100003",2208,607788,6546481
1219002,"JKK5100009",3102,597875,6544547
1212395,"JKK5100017",2607,579557,6533298
1191560,"JKK5100018",2208,582619,6518808
1185096,"JKK5100019",2207,577521,6528394
1219164,"JKK5100020",2208,598711,6551468
1191965,"JKK5100024",2607,600652,6518133
1219013,"JKK5100028",2208,611438,6519917
1233020,"JKK5100029",2208,588908,6526871
1232949,"JKK5100034",2208,581843,6519235
1191794,"JKK5100046",2208,591616,6533757
1191844,"JKK5100047",2208,599009,6529003
1191664,"JKK5100048",2208,598253,6544565
1191833,"JKK5100049",2208,590651,6514423
1191727,"JKK5100050",2208,601196,6523020
1191637,"JKK5100051",2208,616712,6537503
1191530,"JKK5100052",2208,605426,6535540
1191736,"JKK5100053",2208,608244,6545388
1191513,"JKK5100054",2208,594859,6507124
1191491,"JKK5100055",2208,602414,6511769
1191887,"JKK5100056",2208,600364,6557658
1240183,"JKK5100059",2606,583525,6528632
1191983,"JKK5100061",2607,604995,6536092
1191915,"JKK5100062",2607,584018,6525405
1191606,"JKK5100064",2208,581639,6519240
1191617,"JKK5100067",2606,608468,6545389
1191922,"JKK5100068",2607,591944,6533321
1219031,"JKK5100070",2208,581851,6517429
1233142,"JKK5100073",2208,591014,6538666
1191867,"JKK5100076",2208,592225,6527340
1219073,"JKK5100078",2208,588967,6526832
1191829,"JKK5100080",2208,595515,6535441
1233096,"JKK5100085",2208,577364,6528231
1233150,"JKK5100094",2208,592247,6533336
1232818,"JKK5100096",2208,590560,6542619
1233148,"JKK5100097",2208,590980,6530448
1232970,"JKK5100098",2208,591763,6530434
1233099,"JKK5100099",2208,601824,6511184
1208492,"JKK5100099",2606,601817,6511130
1232870,"JKK5100124",3102,597050,6528890
1233082,"JKK5100125",2208,597891,6544832
1212446,"JKK5100127",2607,593931,6507615
1240201,"JKK5100128",2606,583524,6521133
1233022,"JKK5100132",2208,588904,6526870
1212439,"JKK5100134",2607,599336,6558133
1232844,"JKK5100135",2208,599280,6557993
1233072,"JKK5100145",2208,584500,6521340
1233161,"JKK5100154",2208,589367,6528012
1212479,"JKK5100162",2607,591972,6525930
1232764,"JKK5100163",2208,577348,6528633
1183780,"JKK5100165",2606,581212,6520280
1191495,"JKK5100166",2606,582786,6518975
1212343,"JKK5100232",2607,602246,6523087
1191709,"JKK5700003",2606,480644,6542554
1191897,"JKK5700006",2606,487919,6537402
1219136,"JKK5700010",2606,475973,6534184
1219129,"JKK5700019",2208,473837,6532424
1191813,"JKK5700021",2606,472747,6532731
1191860,"JKK5700023",2606,472643,6535606
1191806,"JKK5700025",2208,473865,6531549
1218940,"JKK5700026",2208,471550,6492726
1218958,"JKK5700027",2208,466976,6529600
1218908,"JKK5700028",2208,460522,6537272
1219173,"JKK5700029",2208,485500,6535365
1191534,"JKK5700029",3102,485504,6535370
1232707,"JKK5700032",2208,473921,6531417
1191831,"JKK5700032",2606,473924,6531406
1219083,"JKK5700041",2208,474555,6533971
1232672,"JKK5700045",2208,473648,6534136
1191916,"JKK5700048",2607,496950,6509453
1183931,"JKK5700049",2606,479892,6546646
1218984,"JKK5700051",2208,481113,6536131
1191976,"JKK5700057",2607,487927,6533914
1219050,"JKK5700060",2208,490061,6505514
1219034,"JKK5700061",2606,472448,6494304
1191896,"JKK5700062",2208,474080,6532277
1191895,"JKK5700067",2208,471142,6531540
1233104,"JKK5700069",2208,479740,6522267
1219107,"JKK5700076",2606,475472,6533736
1233145,"JKK5700087",2208,472671,6540499
1232706,"JKK5700089",2208,474128,6531613
1240175,"JKK5700096",2606,474493,6533788
1232722,"JKK5700106",2208,473807,6532618
1232763,"JKK5700115",2208,469498,6528144
1232708,"JKK5700117",2208,473909,6532423
1240190,"JKK5700118",2606,473782,6532352
1183880,"JKK5700124",2606,476024,6533273
1191702,"JKK5900008",2606,643236,6598249
1182790,"JKK5900008",2207,643267,6598262
1232726,"JKK5900009",2208,644394,6599031
1232679,"JKK5900011",2208,643619,6598364
1185066,"JKK5900013",2207,643137,6599666
1191696,"JKK5900016",2606,633860,6582482
1191865,"JKK5900018",2208,634461,6582450
1232730,"JKK5900019",2208,635506,6580292
1191636,"JKK5900020",2208,629743,6584777
1191876,"JKK5900021",2208,630002,6578512
1232733,"JKK5900025",2208,631897,6579796
1191593,"JKK5900025",2606,631895,6579805
1232883,"JKK5900031",2208,640521,6594220
1219092,"JKK5900039",2208,612724,6570118
1233203,"JKK5900041",3102,641060,6572734
1219064,"JKK5900042",2208,638499,6575968
1233178,"JKK5900043",2208,627879,6554524
1240194,"JKK5900043",2606,627889,6554489
1191537,"JKK5900044",2606,627769,6555016
1191760,"JKK5900048",2208,636789,6580783
1219059,"JKK5900051",2208,646791,6550397
1191773,"JKK5900053",2208,643995,6601068
1183823,"JKK5900054",2606,620752,6560605
1232947,"JKK5900057",2208,621224,6559552
1218885,"JKK5900064",2208,621654,6580493
1191877,"JKK5900069",2606,651868,6593572
1219128,"JKK5900070",2208,635387,6582531
1233149,"JKK5900073",2208,609546,6570743
1191550,"JKK5900091",2208,637749,6547570
1191788,"JKK5900092",2208,628757,6557065
1219174,"JKK5900104",2208,635643,6582449
1233062,"JKK5900112",2208,652795,6593569
1232860,"JKK5900113",2208,635414,6580326
1232699,"JKK5900115",2208,638357,6582256
1233125,"JKK5900116",2208,634492,6590599
1233034,"JKK5900117",2208,638355,6575850
1232729,"JKK5900118",2208,644019,6600821
1233109,"JKK5900119",2207,638418,6568914
1224531,"JKK5900150",2208,629962,6540475
1232728,"JKK5900151",2208,642909,6598870
1232827,"JKK5900164",2208,618577,6559184
1232894,"JKK5900168",2208,628832,6590028
1232755,"JKK5900169",2208,611833,6606216
1232826,"JKK5900173",2208,621298,6579864
1233210,"JKK5900174",3102,628778,6557271
1233190,"JKK5900188",2208,662990,6594420
1233021,"JKK5900204",2208,611035,6569233
1183466,"JKK5900212",2606,637977,6575321
1233045,"JKK5900212",2208,638071,6575277
1212338,"JKK5900233",2607,643591,6589452
1191758,"JKK6500002",2606,704953,6429378
1240182,"JKK6500003",2606,698500,6434256
1233207,"JKK6500005",3102,681722,6439800
1218986,"JKK6500007",2606,677542,6429030
1219026,"JKK6500008",2606,687849,6450953
1185099,"JKK6500018",2207,684251,6443363
1219089,"JKK6500019",2208,680971,6439167
1191492,"JKK6500022",2606,681896,6440184
1218886,"JKK6500024",2208,681074,6440577
1232991,"JKK6500026",2208,704708,6444201
1232992,"JKK6500028",2208,703640,6444743
1232926,"JKK6500032",2208,681684,6440890
1191598,"JKK6500038",2208,697806,6434078
1191942,"JKK6500040",2607,670887,6429234
1191929,"JKK6500041",2607,667710,6439086
1191904,"JKK6500042",2606,681184,6430772
1191730,"JKK6500050",2606,681317,6440180
1191927,"JKK6500053",2607,682631,6434069
1191639,"JKK6500055",2606,704283,6446133
1219137,"JKK6500056",2606,694504,6438353
1219147,"JKK6500058",2606,702904,6450405
1232711,"JKK6500063",2208,714089,6429531
1219141,"JKK6500064",2606,671308,6439482
1191648,"JKK6500066",2208,681182,6440525
1191988,"JKK6500067",2607,675336,6440089
1219101,"JKK6500071",2208,679844,6439129
1218945,"JKK6500081",3102,679756,6439942
1219051,"JKK6500083",2208,682536,6440686
1218987,"JKK6500084",2208,688436,6451061
1219046,"JKK6500085",2208,703878,6444693
1218910,"JKK6500087",2208,686316,6437576
1232802,"JKK6500100",2208,688482,6451047
1232838,"JKK6500103",2208,663243,6431054
1212443,"JKK6500105",2607,672500,6450153
1232830,"JKK6500121",2208,682471,6434030
1233097,"JKK6500127",2208,684707,6437076
1212464,"JKK6500132",2607,688428,6451176
1232857,"JKK6500133",2208,699984,6471488
1191797,"JKK6700009",2208,530857,6473509
1190702,"JKK6700016",2208,530626,6473973
1185064,"JKK6700017",2207,541897,6469424
1233164,"JKK6700018",2208,532014,6472063
1191518,"JKK6700022",2208,539254,6468972
1233017,"JKK6700023",2208,530716,6477751
1219006,"JKK6700025",2208,506926,6454297
1219069,"JKK6700026",2208,501303,6444484
1232961,"JKK6700027",2208,529631,6473986
1240196,"JKK6700028",2606,536988,6470848
1185094,"JKK6700039",2207,531436,6438275
1191913,"JKK6700042",2607,526640,6501488
1191576,"JKK6700052",3102,530179,6473924
1232682,"JKK6700055",2208,529561,6473965
1212532,"JKK6700056",2607,547066,6436969
1219014,"JKK6700059",2208,532225,6479126
1219001,"JKK6700061",2606,530951,6477947
1191955,"JKK6700064",2607,542003,6455154
1191967,"JKK6700065",2607,536173,6459169
1191912,"JKK6700066",2607,548945,6486095
1191987,"JKK6700068",2607,544454,6503815
1191925,"JKK6700070",2607,557640,6500790
1191825,"JKK6700081",2208,520482,6474082
1216369,"JKK6700085",2208,531142,6473136
1232903,"JKK6700090",2208,529942,6476878
1219018,"JKK6700094",2208,529021,6476874
1191712,"JKK6700094",2606,529021,6476874
1219112,"JKK6700101",2208,531204,6473488
1219150,"JKK6700102",2208,545815,6436569
1219044,"JKK6700105",2208,559397,6501858
1219030,"JKK6700107",2208,526581,6477623
1219028,"JKK6700120",2208,529315,6474344
1232761,"JKK6700121",2208,530630,6473985
1232785,"JKK6700122",2208,507350,6453462
1240178,"JKK6700124",2606,530801,6477835
1233181,"JKK6700125",2208,530330,6473791
1233180,"JKK6700127",2208,529094,6474662
1233165,"JKK6700128",2208,533024,6473088
1191688,"JKK6700131",2606,530507,6435855
1232864,"JKK6700134",2208,530741,6477757
1233213,"JKK6700135",3102,527221,6472862
1233179,"JKK6700136",2208,531908,6473187
1232824,"JKK6700137",2208,525895,6428804
1233177,"JKK6700138",2208,527339,6473604
1232760,"JKK6700141",2208,531790,6473073
1233197,"JKK6700142",3102,529646,6476548
1240181,"JKK6700144",2606,489810,6504033
1232774,"JKK6700144",2208,489810,6504033
1233037,"JKK6700157",2208,533088,6472991
1232852,"JKK6700158",2208,543577,6504066
1233053,"JKK6700159",2208,545539,6494356
1232744,"JKK6700160",2208,529494,6496559
1232901,"JKK6700189",2208,527880,6474345
1241634,"JKK6700190",2608,539027,6468178
1191649,"JKK6700194",2208,530991,6473370
1232784,"JKK6700206",2208,517782,6478175
1233066,"JKK6700213",2208,528170,6474047
1232882,"JKK7000001",2208,544669,6543306
1191520,"JKK7000001",3102,544672,6543281
1232891,"JKK7000005",2208,549476,6531538
1232801,"JKK7000008",2208,547157,6515673
1233095,"JKK7000010",2208,542505,6538138
1232997,"JKK7000012",2208,548982,6539785
1191974,"JKK7000013",2607,542045,6533705
1191972,"JKK7000018",2607,555049,6514160
1233052,"JKK7000019",2208,547658,6539683
1233176,"JKK7000020",2208,546518,6539931
1232987,"JKK7000023",2208,548473,6535645
1233018,"JKK7000025",2208,542608,6560140
1232954,"JKK7000027",2208,525443,6528919
1218946,"JKK7000028",2606,524386,6528293
1219088,"JKK7000029",2208,523470,6529303
1191675,"JKK7000030",2208,547417,6540020
1191676,"JKK7000032",2208,548713,6538567
1191791,"JKK7000033",2208,548975,6539755
1232996,"JKK7000034",2208,548970,6539798
1191608,"JKK7000037",2208,565860,6522005
1232995,"JKK7000040",2208,548991,6539799
1191767,"JKK7000041",2208,525227,6528815
1218983,"JKK7000047",2606,543052,6559840
1191722,"JKK7000048",2208,547203,6515917
1219171,"JKK7000052",2208,535144,6559597
1218887,"JKK7000055",2208,525125,6530569
1232845,"JKK7000062",2208,524478,6528285
1233144,"JKK7000063",2208,547935,6549681
1240204,"JKK7000064",2606,545704,6539865
1233110,"JKK7000065",2208,542161,6560384
1233182,"JKK7000068",2208,547933,6549685
1240203,"JKK7000068",2606,547939,6549727
1240172,"JKK7000069",2606,554176,6547932
1232781,"JKK7000069",2208,554172,6547934
1233111,"JKK7000070",2208,543266,6560611
1232759,"JKK7000071",2208,542798,6560614
1232758,"JKK7000072",2208,553241,6555232
1218980,"JKK7000108",2208,546584,6514824
1191532,"JKK7000109",2208,547242,6516052
1232850,"JKK7000130",2208,550266,6532422
1233108,"JKK7000133",2208,538773,6545161
1232800,"JKK7000135",2208,547251,6516077
1232849,"JKK7000136",2208,550263,6532427
1233152,"JKK7000139",2207,506479,6533867
1232799,"JKK7000140",2208,547086,6516213
1213011,"JKK7000170",2607,554732,6542028
1218992,"JKK7400010",2606,412051,6458957
1232737,"JKK7400013",2208,411760,6454514
1233061,"JKK7400015",2208,411358,6459381
1185046,"JKK7400024",2207,414219,6459533
1191924,"JKK7400032",2607,410248,6465345
1219160,"JKK7400033",2208,425390,6495304
1219170,"JKK7400034",2208,464523,6492677
1219023,"JKK7400035",2208,412111,6453699
1219081,"JKK7400036",2208,456553,6404606
1218968,"JKK7400037",2208,413184,6447721
1191650,"JKK7400041",2606,430981,6463330
1191845,"JKK7400044",2606,413838,6458471
1219045,"JKK7400046",2208,443015,6491710
1191923,"JKK7400049",2607,436159,6486821
1191905,"JKK7400058",2606,410465,6459374
1191961,"JKK7400059",2607,442225,6480170
1191795,"JKK7400062",2208,414003,6459494
1191505,"JKK7400063",2208,412523,6461161
1191919,"JKK7400066",2607,397567,6468264
1191979,"JKK7400068",2607,435906,6484955
1218920,"JKK7400070",2606,453231,6495786
1191721,"JKK7400072",2208,412070,6457820
1191847,"JKK7400073",2208,443077,6482410
1191596,"JKK7400078",2208,387849,6468924
1219070,"JKK7400088",3102,412486,6461188
1232681,"JKK7400088",2208,412486,6461188
1219004,"JKK7400093",2208,446023,6489965
1233014,"JKK7400099",2208,411686,6459228
1233013,"JKK7400100",2208,411852,6459447
1191785,"JKK7400110",2606,413804,6458632
1191587,"JKK7400128",2208,443015,6491714
1240173,"JKK7400132",2606,410812,6467327
1240176,"JKK7400139",2606,405636,6453775
1233098,"JKK7400140",2208,455488,6406094
1233200,"JKK7400145",3102,411686,6459711
1233077,"JKK7400147",2207,390411,6466303
1219058,"JKK7800007",2208,660732,6472106
1218947,"JKK7800009",2208,665032,6464577
1233043,"JKK7800014",2208,663257,6473290
1185093,"JKK7800018",2207,661087,6464760
1191539,"JKK7800021",2208,659789,6470032
1240206,"JKK7800022",2606,656088,6476855
1191682,"JKK7800022",2208,656087,6476852
1191862,"JKK7800023",2208,659994,6472185
1232786,"JKK7800024",2208,657230,6480708
1232966,"JKK7800026",2208,660625,6471786
1191954,"JKK7800028",2607,647142,6471357
1218929,"JKK7800036",2208,628800,6461960
1191623,"JKK7800037",2208,660372,6471963
1232684,"JKK7800057",2208,662020,6474769
1232748,"JKK7800058",2208,660603,6470007
1219182,"JKK7800059",2208,657860,6472916
1191830,"JKK7800062",3102,663754,6473124
1191756,"JKK7800063",2208,656293,6476690
1191803,"JKK7800067",2208,656519,6480108
1191939,"JKK7800073",2607,653385,6474016
1191978,"JKK7800074",2607,655275,6478391
1191642,"JKK7800082",2208,641865,6457449
1191800,"JKK7800083",3102,641762,6457272
1233195,"JKK7800084",2208,668227,6466649
1233135,"JKK7800085",2208,662507,6463073
1232983,"JKK7800086",2208,683406,6508102
1232887,"JKK7800088",2208,640183,6456483
1219155,"JKK7800098",2208,705378,6476040
1191928,"JKK7800099",2607,627228,6465228
1219082,"JKK7800101",2208,629222,6455584
1191776,"JKK7800109",2208,656650,6475904
1232989,"JKK7800110",2208,658865,6475117
1191834,"JKK7800115",2208,659985,6471125
1232690,"JKK7800116",2208,658560,6468160
1191856,"JKK7800117",2208,660644,6472159
1191496,"JKK7800119",3102,660263,6472311
1191512,"JKK7800120",2208,660332,6471826
1191936,"JKK7800128",2607,665316,6480958
1219077,"JKK7800140",2208,659638,6471190
1232766,"JKK7800142",2208,649189,6474589
1233075,"JKK7800144",2208,663660,6473572
1191503,"JKK7800145",2208,659955,6470957
1191823,"JKK7800147",2208,660769,6474690
1218930,"JKK7800148",2208,661365,6464835
1219177,"JKK7800151",3102,659257,6470391
1191665,"JKK7800152",2208,660550,6471411
1191656,"JKK7800154",3102,660694,6474922
1232969,"JKK7800156",2208,658764,6471593
1216370,"JKK7800160",2208,657734,6473947
1191782,"JKK7800161",2208,656802,6475179
1232948,"JKK7800172",2208,663181,6476213
1232931,"JKK7800173",2208,659876,6476293
1232967,"JKK7800174",2208,658040,6473568
1232677,"JKK7800177",2208,663181,6476192
1219118,"JKK7800180",2208,658497,6465990
1218990,"JKK7800189",2208,658120,6473374
1218974,"JKK7800204",2208,656965,6475068
1219116,"JKK7800205",2208,660063,6470681
1233073,"JKK7800206",2208,659726,6464807
1232747,"JKK7800207",2208,658862,6475714
1233044,"JKK7800209",2208,663120,6473490
1232746,"JKK7800215",2208,657542,6474136
1233151,"JKK7800216",2208,662831,6478280
1232890,"JKK7800217",2208,662946,6479769
1232815,"JKK7800218",2208,670100,6471218
1233071,"JKK7800219",2208,658601,6467859
1232884,"JKK7800220",2208,635320,6460762
1233088,"JKK7800221",2208,658946,6464742
1233039,"JKK7800224",2208,660158,6470650
1233133,"JKK7800226",2208,649238,6483564
1233092,"JKK7800228",2208,659788,6470031
1233041,"JKK7800229",2208,659876,6476294
1232988,"JKK7800237",2208,656816,6475109
1233186,"JKK7800248",2208,663940,6481514
1232697,"JKK7800249",2208,668626,6472032
1233172,"JKK7800250",2208,668510,6489259
1232881,"JKK7800251",2208,681633,6499795
1232762,"JKK7800258",2208,660652,6472173
1233076,"JKK7800262",2208,663322,6473312
1233175,"JKK7800264",2208,660767,6471276
1232757,"JKK7800275",2208,661658,6472511
1233087,"JKK7800278",2208,657221,6474429
1233086,"JKK7800280",2208,660255,6470658
1233106,"JKK7800281",2208,649237,6483563
1233216,"JKK7800282",3102,659120,6464503
1232993,"JKK7800284",2208,664906,6510085
1233163,"JKK7800285",2208,659395,6511693
1233079,"JKK7800294",2208,667669,6466423
1232756,"JKK7800299",2208,658998,6472762
1233051,"JKK7800304",2208,661809,6474370
1233050,"JKK7800309",2208,657206,6471304
1233085,"JKK7800310",2208,660255,6470269
1233049,"JKK7800311",2208,659253,6471561
1233048,"JKK7800312",2208,659212,6473347
1233084,"JKK7800313",2208,659783,6474014
1233068,"JKK7800314",2208,661112,6473548
1232743,"JKK7800315",2208,661939,6473095
1233167,"JKK7800316",2208,658393,6476369
1233067,"JKK7800317",2208,661109,6474140
1212449,"JKK7800371",2607,674248,6467681
1185105,"JKK8200002",2207,624573,6404870
1191917,"JKK8200005",2607,633922,6416118
1232842,"JKK8200007",2208,646455,6439290
1185088,"JKK8200010",2207,634484,6425233
1219075,"JKK8200012",2606,645892,6437875
1232696,"JKK8200012",2208,645880,6437963
1219151,"JKK8200016",2208,623515,6408088
1233209,"JKK8200017",3102,622815,6406589
1191985,"JKK8200022",2607,622280,6418098
1191980,"JKK8200027",2607,636480,6423080
1191892,"JKK8200030",2606,622330,6406462
1232968,"JKK8200034",2208,621487,6407722
1232955,"JKK8200037",2208,621690,6405317
1233134,"JKK8200043",2208,629586,6417358
1232841,"JKK8200048",2208,646541,6439097
1191545,"JKK8200049",2208,611464,6433031
1183968,"JKK8200056",2606,612903,6428010
1232829,"JKK8200056",2208,612889,6428004
1219012,"JKK8200065",2208,614109,6432314
1219108,"JKK8200076",3102,621222,6407737
1233001,"JKK8200079",2208,623658,6405277
1233100,"JKK8200085",2208,626702,6404288
1232692,"JKK8200086",2208,624417,6404729
1233080,"JKK8200089",2208,614914,6429297
1233192,"JKK8200092",2208,633844,6399414
1191742,"JKK8200113",2208,623048,6406300
1232691,"JKK8200125",2208,622401,6406897
1185077,"JKK8400001",2207,590972,6469604
1232872,"JKK8400003",2208,596979,6467387
1191605,"JKK8400004",2208,592030,6469301
1191729,"JKK8400006",3102,595723,6469697
1233208,"JKK8400014",3102,614201,6482354
1233139,"JKK8400018",2208,590243,6472592
1191930,"JKK8400021",2607,589238,6492878
1191918,"JKK8400022",2607,612941,6455360
1191884,"JKK8400029",2208,591675,6470522
1233016,"JKK8400030",2208,591120,6441678
1232735,"JKK8400031",2208,591691,6470927
1218981,"JKK8400033",2208,591070,6469522
1232933,"JKK8400036",2208,596042,6469344
1191687,"JKK8400049",2208,590862,6491783
1218896,"JKK8400050",2208,590515,6499373
1240187,"JKK8400054",2606,591651,6469495
1232866,"JKK8400055",2208,591785,6471464
1233184,"JKK8400057",2208,591925,6470758
1232807,"JKK8400059",2208,591757,6471513
1232892,"JKK8400064",2208,593655,6471781
1240179,"JKK8400064",2606,593552,6471736
1240189,"JKK8400081",2606,591965,6469517
1232686,"JKK8400082",2208,584976,6490471
1240180,"JKK8400083",2606,591843,6469431
1240188,"JKK8400084",2606,591935,6469353
1232877,"JKK8400086",2208,579709,6443581
1232839,"JKK8400087",2208,591138,6441360
1232739,"JKK8400088",2208,569243,6439585
1233153,"JKK8400092",2208,601990,6473452
1233121,"JKK8400093",2208,613239,6490065
1232855,"JKK8400094",2208,595631,6460145
1232871,"JKK8400095",2208,569239,6439585
1232806,"JKK8400098",2208,591756,6471599
1232998,"JKK8400104",2208,608966,6457130
1233187,"JKK8400108",2208,600509,6461494
1251311,"JKK8400111",2208,580268,6443486
1212348,"JKK8400130",2607,594651,6499378
1212345,"JKK8400135",2607,588750,6484586
1191601,"JKK8600002",2208,679865,6413623
1191671,"JKK8600003",3102,676529,6417085
1185034,"JKK8600005",2207,683186,6409914
1219011,"JKK8600011",2208,677713,6416949
1191672,"JKK8600012",3102,679282,6415275
1191937,"JKK8600013",2607,658895,6403763
1232886,"JKK8600014",2208,651539,6412634
1218995,"JKK8600017",2606,689058,6417380
1191957,"JKK8600020",2607,669102,6418399
1233078,"JKK8600021",2208,665173,6418263
1218975,"JKK8600024",3102,679985,6413805
1233120,"JKK8600029",2208,678432,6414789
1233024,"JKK8600030",2208,680882,6414229
1218982,"JKK8600038",2208,682804,6413191
1240202,"JKK8600038",2606,682818,6413200
1191563,"JKK8600042",2208,656214,6388486
1232698,"JKK8600045",2208,667450,6415130
1191580,"JKK8600049",2208,680237,6413461
1183601,"JKK8600050",2606,677094,6422560
1191873,"JKK8600052",2208,682816,6413198
1191610,"JKK8600056",2208,679634,6415374
1219072,"JKK8600059",2208,679209,6415494
1232932,"JKK8600064",2208,694801,6403453
1232712,"JKK8600066",2208,709585,6404850
1219127,"JKK8600070",3102,682361,6413304
1218936,"JKK8600080",2208,679057,6412584
1233205,"JKK8600082",3102,670854,6405198
1232787,"JKK8600084",2208,709532,6405203
1240177,"JKK8600085",2606,670675,6416754
1232813,"JKK8600085",2208,670600,6416600
1233194,"JKK8600087",2208,679301,6414938
1233155,"JKK8600093",2208,694805,6403453
1240193,"JKK8600094",2606,665851,6418173
1233173,"JKK8600094",2208,665815,6418093
1233154,"JKK8600098",2208,695955,6403799
1233102,"JKK8600099",2208,649199,6412047
1232885,"JKK8600100",2208,649997,6411297
1233103,"JKK8600101",2208,714988,6430108
1232788,"JKK8600102",2208,709515,6434648
1233185,"JKK8600109",2208,673031,6402085
1232689,"JKK8600146",2208,695064,6413254
1232990,"JKK8600150",2208,673219,6402056
